Date,Time,ASIN,Title,Seller,Price,MOQ,BuyBox,Link
15-Jun-2026,09:16:27,B0DDGRFJ5W,"Pattex Super Glue Liquid Tube, All Purpose Clear Adhesive with Anti-Clog Cap, Instant Grip Invisible Repair, Compatible with Metal, Ceramic, Rubber, Leather & Wood, Dishwasher Safe, 3g (Pack of 2)",Amazon.ae,12.83,1,YES,https://www.amazon.ae/dp/B0DDGRFJ5W
15-Jun-2026,09:16:27,B0DDGRFJ5W,"Pattex Super Glue Liquid Tube, All Purpose Clear Adhesive with Anti-Clog Cap, Instant Grip Invisible Repair, Compatible with Metal, Ceramic, Rubber, Leather & Wood, Dishwasher Safe, 3g (Pack of 2)",ADD 2 CART_UAE,27.99,1,NO,https://www.amazon.ae/dp/B0DDGRFJ5W
15-Jun-2026,09:16:27,B0DDGWXNHC,"Pattex Super Glue Liquid Tube, All Purpose Clear Adhesive with Anti-Clog Cap, Instant Grip Invisible Repair, Compatible with Metal, Ceramic, Rubber, Leather & Wood, Dishwasher Safe, 3g (Pack of 3)",Amazon.ae,25..98,1,YES,https://www.amazon.ae/dp/B0DDGWXNHC
15-Jun-2026,09:16:27,B0BG2MZ1ZX,"Pattex Superglue Liquide Control, Clear Glue for Various Materials, with Non-Drip Formula Vertical Applications, Precise Nozzle, 1x3g",Amazon.ae,11.79,1,YES,https://www.amazon.ae/dp/B0BG2MZ1ZX
15-Jun-2026,09:16:27,B0BG2MZ1ZX,"Pattex Superglue Liquide Control, Clear Glue for Various Materials, with Non-Drip Formula Vertical Applications, Precise Nozzle, 1x3g",ADD 2 CART_UAE,25.49,1,NO,https://www.amazon.ae/dp/B0BG2MZ1ZX
15-Jun-2026,09:16:27,B0BG2MZ1ZX,"Pattex Superglue Liquide Control, Clear Glue for Various Materials, with Non-Drip Formula Vertical Applications, Precise Nozzle, 1x3g",SMART-FZC,35.00,1,NO,https://www.amazon.ae/dp/B0BG2MZ1ZX
15-Jun-2026,09:16:27,B0BG2MZ1ZX,"Pattex Superglue Liquide Control, Clear Glue for Various Materials, with Non-Drip Formula Vertical Applications, Precise Nozzle, 1x3g",Westline Store,34.00,1,NO,https://www.amazon.ae/dp/B0BG2MZ1ZX
15-Jun-2026,09:16:27,B0DDGXBJW1,"Pattex Super Glue Liquid Control, All Purpose Clear Adhesive with Precise Nozzle, Instant Invisible Repair, Compatible with Metal, Ceramic, Rubber, Leather & Wood, Dishwasher Safe, 3g (Pack of 2)",Amazon.ae,18.56,1,YES,https://www.amazon.ae/dp/B0DDGXBJW1
15-Jun-2026,09:16:27,B0DDGXBJW1,"Pattex Super Glue Liquid Control, All Purpose Clear Adhesive with Precise Nozzle, Instant Invisible Repair, Compatible with Metal, Ceramic, Rubber, Leather & Wood, Dishwasher Safe, 3g (Pack of 2)",ADD 2 CART_UAE,33.99,1,NO,https://www.amazon.ae/dp/B0DDGXBJW1
15-Jun-2026,09:16:27,B0DDGS87JD,"Pattex Super Glue Liquid Control, All Purpose Clear Adhesive with Precise Nozzle, Instant Invisible Repair, Compatible with Metal, Ceramic, Rubber, Leather & Wood, Dishwasher Safe, 3g (Pack of 3)",Amazon.ae,26.30,1,YES,https://www.amazon.ae/dp/B0DDGS87JD
15-Jun-2026,09:16:27,B0DDGS87JD,"Pattex Super Glue Liquid Control, All Purpose Clear Adhesive with Precise Nozzle, Instant Invisible Repair, Compatible with Metal, Ceramic, Rubber, Leather & Wood, Dishwasher Safe, 3g (Pack of 3)",MySyara Shop,28.00,1,NO,https://www.amazon.ae/dp/B0DDGS87JD
15-Jun-2026,09:16:27,B0DDGS87JD,"Pattex Super Glue Liquid Control, All Purpose Clear Adhesive with Precise Nozzle, Instant Invisible Repair, Compatible with Metal, Ceramic, Rubber, Leather & Wood, Dishwasher Safe, 3g (Pack of 3)",ADD 2 CART_UAE,41.49,1,NO,https://www.amazon.ae/dp/B0DDGS87JD
15-Jun-2026,09:16:27,B09KCHGRZF,"Pattex Super Glue Power Gel, Strong All Purpose Adhesive For Flexible Materials, Easy To Use Clear Glue, 1X3G",Amazon.ae,8.99,1,YES,https://www.amazon.ae/dp/B09KCHGRZF
15-Jun-2026,09:16:27,B09KCHGRZF,"Pattex Super Glue Power Gel, Strong All Purpose Adhesive For Flexible Materials, Easy To Use Clear Glue, 1X3G",ADD 2 CART_UAE,24.79,1,NO,https://www.amazon.ae/dp/B09KCHGRZF
15-Jun-2026,09:16:27,B09KCHGRZF,"Pattex Super Glue Power Gel, Strong All Purpose Adhesive For Flexible Materials, Easy To Use Clear Glue, 1X3G",Westline Store,25.10,1,NO,https://www.amazon.ae/dp/B09KCHGRZF
15-Jun-2026,09:16:27,B0DDGY7RWR,"Pattex Super Glue Power Gel Tube, All Purpose Adhesive For Flexible Materials, Instant Invisible Repair, Compatible with Metal, Ceramic, Rubber, Leather & Wood, Dishwasher Safe, 3g (Pack of 3)",ADD 2 CART_UAE,20.89,1,YES,https://www.amazon.ae/dp/B0DDGY7RWR
15-Jun-2026,09:16:27,B0DDGY7RWR,"Pattex Super Glue Power Gel Tube, All Purpose Adhesive For Flexible Materials, Instant Invisible Repair, Compatible with Metal, Ceramic, Rubber, Leather & Wood, Dishwasher Safe, 3g (Pack of 3)",SMART-FZC,21.52,1,NO,https://www.amazon.ae/dp/B0DDGY7RWR
15-Jun-2026,09:16:27,B0DDGY7RWR,"Pattex Super Glue Power Gel Tube, All Purpose Adhesive For Flexible Materials, Instant Invisible Repair, Compatible with Metal, Ceramic, Rubber, Leather & Wood, Dishwasher Safe, 3g (Pack of 3)",Amazon.ae,21.52,1,NO,https://www.amazon.ae/dp/B0DDGY7RWR
15-Jun-2026,09:16:27,B09KCGPSPG,"Pattex Super Glue Power Gel Control | All Purpose Clear Adhesive For Flexible Materials with Precise Nozzle | Compatible with Metal, Ceramic, Rubber, Leather & Wood | Dishwasher Safe | 3g (Pack of 1)",Amazon.ae,15.00,1,YES,https://www.amazon.ae/dp/B09KCGPSPG
15-Jun-2026,09:16:27,B09KCGPSPG,"Pattex Super Glue Power Gel Control | All Purpose Clear Adhesive For Flexible Materials with Precise Nozzle | Compatible with Metal, Ceramic, Rubber, Leather & Wood | Dishwasher Safe | 3g (Pack of 1)",ADD 2 CART_UAE,24.99,1,NO,https://www.amazon.ae/dp/B09KCGPSPG
15-Jun-2026,09:16:27,B09KCGPSPG,"Pattex Super Glue Power Gel Control | All Purpose Clear Adhesive For Flexible Materials with Precise Nozzle | Compatible with Metal, Ceramic, Rubber, Leather & Wood | Dishwasher Safe | 3g (Pack of 1)",SMART-FZC,35.00,1,NO,https://www.amazon.ae/dp/B09KCGPSPG
15-Jun-2026,09:16:27,B0DDGV3T5C,"Pattex Super Glue Power Gel Control | All Purpose Clear Adhesive For Flexible Materials with Precise Nozzle | Compatible with Metal, Ceramic, Rubber, Leather & Wood | Dishwasher Safe | 3g (Pack of 3)",Amazon.ae,29.64,1,YES,https://www.amazon.ae/dp/B0DDGV3T5C
15-Jun-2026,09:16:27,B0DDGV3T5C,"Pattex Super Glue Power Gel Control | All Purpose Clear Adhesive For Flexible Materials with Precise Nozzle | Compatible with Metal, Ceramic, Rubber, Leather & Wood | Dishwasher Safe | 3g (Pack of 3)",ADD 2 CART_UAE,54.99,1,NO,https://www.amazon.ae/dp/B0DDGV3T5C
15-Jun-2026,09:16:27,B0BG2KWV13,Pattex Super Glue All Plastics | Bonds All Difficult-to-Bond Plastics with Quick Dry Activator | Instant Grip Invisible Repair with Anti-Clog Cap | Compatible with All Plastics | 2g+4ml (Pack of 1),Amazon.ae,12.99,1,YES,https://www.amazon.ae/dp/B0BG2KWV13
15-Jun-2026,09:16:27,B0BG2KWV13,Pattex Super Glue All Plastics | Bonds All Difficult-to-Bond Plastics with Quick Dry Activator | Instant Grip Invisible Repair with Anti-Clog Cap | Compatible with All Plastics | 2g+4ml (Pack of 1),ADD 2 CART_UAE,24.99,1,NO,https://www.amazon.ae/dp/B0BG2KWV13
15-Jun-2026,09:16:27,B0BG2KWV13,Pattex Super Glue All Plastics | Bonds All Difficult-to-Bond Plastics with Quick Dry Activator | Instant Grip Invisible Repair with Anti-Clog Cap | Compatible with All Plastics | 2g+4ml (Pack of 1),Westline Store,39.80,1,NO,https://www.amazon.ae/dp/B0BG2KWV13
15-Jun-2026,09:16:27,B0DDGS2LRT,Pattex Super Glue All Plastics | Bonds All Difficult-to-Bond Plastics with Quick Dry Activator | Instant Grip Invisible Repair with Anti-Clog Cap | Compatible with All Plastics | 2g+4ml (Pack of 3),Amazon.ae,33.47,1,YES,https://www.amazon.ae/dp/B0DDGS2LRT
15-Jun-2026,09:16:27,B0DDGS2LRT,Pattex Super Glue All Plastics | Bonds All Difficult-to-Bond Plastics with Quick Dry Activator | Instant Grip Invisible Repair with Anti-Clog Cap | Compatible with All Plastics | 2g+4ml (Pack of 3),ADD 2 CART_UAE,49.29,1,NO,https://www.amazon.ae/dp/B0DDGS2LRT
15-Jun-2026,09:16:27,B09KCFHH3T,"Pattex Super Glue Mini Dose, Strong All Purpose Adhesive For Repairs , Easy To Use Instant Super Glue, 3X1G",Amazon.ae,8.99,1,YES,https://www.amazon.ae/dp/B09KCFHH3T
15-Jun-2026,09:16:27,B09KCFHH3T,"Pattex Super Glue Mini Dose, Strong All Purpose Adhesive For Repairs , Easy To Use Instant Super Glue, 3X1G",ADD 2 CART_UAE,21.00,1,NO,https://www.amazon.ae/dp/B09KCFHH3T
15-Jun-2026,09:16:27,B0DDGSGRP6,"Pattex Super Glue Mini Dose | All Purpose Clear Adhesive with Anti-Clog Cap | Instant Grip Invisible Repair | Compatible with Metal, Ceramic, Rubber, Leather, Wood | Dishwasher Safe | 3x1g (Pack of 3)",Amazon.ae,21.52,1,YES,https://www.amazon.ae/dp/B0DDGSGRP6
15-Jun-2026,09:16:27,B0DDGSGRP6,"Pattex Super Glue Mini Dose | All Purpose Clear Adhesive with Anti-Clog Cap | Instant Grip Invisible Repair | Compatible with Metal, Ceramic, Rubber, Leather, Wood | Dishwasher Safe | 3x1g (Pack of 3)",ADD 2 CART_UAE,41.99,1,NO,https://www.amazon.ae/dp/B0DDGSGRP6
15-Jun-2026,09:16:27,B09KCFJ9SR,"Pattex Repair 100% | All Purpose Super Glue For Medium-Large Surfaces | Instant Invisible Repair | Compatible with Metal, Ceramic, Rubber, Leather Wood & More| Indoor & Outdoor Use | 50g (Pack of 1)",Amazon.ae,30.90,1,YES,https://www.amazon.ae/dp/B09KCFJ9SR
15-Jun-2026,09:16:27,B09KCFJ9SR,"Pattex Repair 100% | All Purpose Super Glue For Medium-Large Surfaces | Instant Invisible Repair | Compatible with Metal, Ceramic, Rubber, Leather Wood & More| Indoor & Outdoor Use | 50g (Pack of 1)",ADD 2 CART_UAE,39.99,1,NO,https://www.amazon.ae/dp/B09KCFJ9SR
15-Jun-2026,09:16:27,B09KCFJ9SR,"Pattex Repair 100% | All Purpose Super Glue For Medium-Large Surfaces | Instant Invisible Repair | Compatible with Metal, Ceramic, Rubber, Leather Wood & More| Indoor & Outdoor Use | 50g (Pack of 1)",Westline Store,89.00,1,NO,https://www.amazon.ae/dp/B09KCFJ9SR
15-Jun-2026,09:16:27,B09KCGX8G3,"Pattex Repair Extreme Gel | All Purpose Clear Adhesive with Extreme Resistance | Flexible, Shock Resistant & Waterproof | Compatible with Metal, Ceramic, Rubber, Leather, Wood & More | 8g (Pack of 1)",Amazon.ae,11.50,1,YES,https://www.amazon.ae/dp/B09KCGX8G3
15-Jun-2026,09:16:27,B09KCGX8G3,"Pattex Repair Extreme Gel | All Purpose Clear Adhesive with Extreme Resistance | Flexible, Shock Resistant & Waterproof | Compatible with Metal, Ceramic, Rubber, Leather, Wood & More | 8g (Pack of 1)",ADD 2 CART_UAE,21.99,1,NO,https://www.amazon.ae/dp/B09KCGX8G3
15-Jun-2026,09:16:27,B09KCGX8G3,"Pattex Repair Extreme Gel | All Purpose Clear Adhesive with Extreme Resistance | Flexible, Shock Resistant & Waterproof | Compatible with Metal, Ceramic, Rubber, Leather, Wood & More | 8g (Pack of 1)",Westline Store,43.00,1,NO,https://www.amazon.ae/dp/B09KCGX8G3
15-Jun-2026,09:16:27,B09KCGX8G3,"Pattex Repair Extreme Gel | All Purpose Clear Adhesive with Extreme Resistance | Flexible, Shock Resistant & Waterproof | Compatible with Metal, Ceramic, Rubber, Leather, Wood & More | 8g (Pack of 1)",SMART-FZC,44.00,1,NO,https://www.amazon.ae/dp/B09KCGX8G3
15-Jun-2026,09:16:27,B0DDH2T3Q1,"Pattex Repair Extreme Gel | All Purpose Clear Adhesive with Extreme Resistance | Flexible, Shock Resistant & Waterproof | Compatible with Metal, Ceramic, Rubber, Leather, Wood & More | 8g (Pack of 3)",Amazon.ae,31.08,1,YES,https://www.amazon.ae/dp/B0DDH2T3Q1
15-Jun-2026,09:16:27,B0DDH2T3Q1,"Pattex Repair Extreme Gel | All Purpose Clear Adhesive with Extreme Resistance | Flexible, Shock Resistant & Waterproof | Compatible with Metal, Ceramic, Rubber, Leather, Wood & More | 8g (Pack of 3)",ADD 2 CART_UAE,60.99,1,NO,https://www.amazon.ae/dp/B0DDH2T3Q1
15-Jun-2026,09:16:27,B0BG2Q17ZC,"Pattex Power Epoxy Universal Syringe | With Convenient Instant Mix Syringe | Water & Temperature Resistant | Compatible with Metal, Ceramic, Glass & Wood | Indoor & Outdoor Use | 11ml (Pack of 1)",Amazon.ae,16.79,1,YES,https://www.amazon.ae/dp/B0BG2Q17ZC
15-Jun-2026,09:16:27,B0BG2Q17ZC,"Pattex Power Epoxy Universal Syringe | With Convenient Instant Mix Syringe | Water & Temperature Resistant | Compatible with Metal, Ceramic, Glass & Wood | Indoor & Outdoor Use | 11ml (Pack of 1)",ADD 2 CART_UAE,33.49,1,NO,https://www.amazon.ae/dp/B0BG2Q17ZC
15-Jun-2026,09:16:27,B0BG2Q17ZC,"Pattex Power Epoxy Universal Syringe | With Convenient Instant Mix Syringe | Water & Temperature Resistant | Compatible with Metal, Ceramic, Glass & Wood | Indoor & Outdoor Use | 11ml (Pack of 1)",Westline Store,48.00,1,NO,https://www.amazon.ae/dp/B0BG2Q17ZC
15-Jun-2026,09:16:27,B0DDHF3MJM,"Pattex Power Epoxy Universal Syringe | With Convenient Instant Mix Syringe | Water & Temperature Resistant | Compatible with Metal, Ceramic, Glass & Wood | Indoor & Outdoor Use | 11ml (Pack of 3)",Amazon.ae,40.64,1,YES,https://www.amazon.ae/dp/B0DDHF3MJM
15-Jun-2026,09:16:27,B0DDHF3MJM,"Pattex Power Epoxy Universal Syringe | With Convenient Instant Mix Syringe | Water & Temperature Resistant | Compatible with Metal, Ceramic, Glass & Wood | Indoor & Outdoor Use | 11ml (Pack of 3)",ADD 2 CART_UAE,56.77,1,NO,https://www.amazon.ae/dp/B0DDHF3MJM
15-Jun-2026,09:16:27,B09KCG9FZT,"Pattex No More Nails Strong & Easy | All Purpose Heavy-Duty Mounting Adhesive | Solvent Free & Low Order Mount Glue | Compatible with Wood, Ceramic, Aluminum, Concrete, Bricks & More | 50g (Pack of 1)",Amazon.ae,16.79,1,YES,https://www.amazon.ae/dp/B09KCG9FZT
15-Jun-2026,09:16:27,B09KCG9FZT,"Pattex No More Nails Strong & Easy | All Purpose Heavy-Duty Mounting Adhesive | Solvent Free & Low Order Mount Glue | Compatible with Wood, Ceramic, Aluminum, Concrete, Bricks & More | 50g (Pack of 1)",ADD 2 CART_UAE,28.99,1,NO,https://www.amazon.ae/dp/B09KCG9FZT
15-Jun-2026,09:16:27,B0DDGWMTY5,"Pattex No More Nails Strong & Easy | All Purpose Heavy-Duty Mounting Adhesive | Solvent Free & Low Odor Mount Glue | Compatible with Wood, Ceramic, Aluminum, Concrete, Bricks & More | 50g (Pack of 2)",Amazon.ae,27.09,1,YES,https://www.amazon.ae/dp/B0DDGWMTY5
15-Jun-2026,09:16:27,B0DDGWMTY5,"Pattex No More Nails Strong & Easy | All Purpose Heavy-Duty Mounting Adhesive | Solvent Free & Low Odor Mount Glue | Compatible with Wood, Ceramic, Aluminum, Concrete, Bricks & More | 50g (Pack of 2)",ADD 2 CART_UAE,42.49,1,NO,https://www.amazon.ae/dp/B0DDGWMTY5
15-Jun-2026,09:16:27,B09KCHS3PH,"Pattex No More Nails Invisible | All Purpose Heavy-Duty Mounting Adhesive | Solvent Free & Low Order Mount Glue | Compatible with Wood, Ceramic, Aluminum, Concrete, Bricks & More | 40g (Pack of 1)",Amazon.ae,15.11,1,YES,https://www.amazon.ae/dp/B09KCHS3PH
15-Jun-2026,09:16:27,B09KCHS3PH,"Pattex No More Nails Invisible | All Purpose Heavy-Duty Mounting Adhesive | Solvent Free & Low Order Mount Glue | Compatible with Wood, Ceramic, Aluminum, Concrete, Bricks & More | 40g (Pack of 1)",ADD 2 CART_UAE,39.99,1,NO,https://www.amazon.ae/dp/B09KCHS3PH
15-Jun-2026,09:16:27,B0DDGRGWDC,"Pattex No More Nails Invisible | All Purpose Heavy-Duty Mounting Adhesive | Solvent Free & Low Odor Mount Glue | Compatible with Wood, Ceramic, Aluminum, Concrete, Bricks & More | 40g (Pack of 2)",Amazon.ae,27.09,1,YES,https://www.amazon.ae/dp/B0DDGRGWDC
15-Jun-2026,09:16:27,B0DDGRGWDC,"Pattex No More Nails Invisible | All Purpose Heavy-Duty Mounting Adhesive | Solvent Free & Low Odor Mount Glue | Compatible with Wood, Ceramic, Aluminum, Concrete, Bricks & More | 40g (Pack of 2)",ADD 2 CART_UAE,42.69,1,NO,https://www.amazon.ae/dp/B0DDGRGWDC
15-Jun-2026,09:16:27,B08B4T7CXB,PATTEX DOUBLE SIDE FOAM TAPE=80KG-,Amazon.ae,11.00,1,YES,https://www.amazon.ae/dp/B08B4T7CXB
15-Jun-2026,09:16:27,B08B4T7CXB,PATTEX DOUBLE SIDE FOAM TAPE=80KG-,MySyara Shop,11.10,1,NO,https://www.amazon.ae/dp/B08B4T7CXB
15-Jun-2026,09:16:27,B08B4T7CXB,PATTEX DOUBLE SIDE FOAM TAPE=80KG-,ADD 2 CART_UAE,24.99,1,NO,https://www.amazon.ae/dp/B08B4T7CXB
15-Jun-2026,09:16:27,B08B4T7CXB,PATTEX DOUBLE SIDE FOAM TAPE=80KG-,Factory_store,15.00,1,NO,https://www.amazon.ae/dp/B08B4T7CXB
15-Jun-2026,09:16:27,B08B4T7CXB,PATTEX DOUBLE SIDE FOAM TAPE=80KG-,ABBASALIHARDWAREBR3,28.70,1,NO,https://www.amazon.ae/dp/B08B4T7CXB
15-Jun-2026,09:16:27,B08B4T7CXB,PATTEX DOUBLE SIDE FOAM TAPE=80KG-,Kanan Store,34.00,1,NO,https://www.amazon.ae/dp/B08B4T7CXB
15-Jun-2026,09:16:27,B08B4T7CXB,PATTEX DOUBLE SIDE FOAM TAPE=80KG-,Reliable Electrical & Sanitary Materials,24.00,1,NO,https://www.amazon.ae/dp/B08B4T7CXB
15-Jun-2026,09:16:27,B08B4T7CXB,PATTEX DOUBLE SIDE FOAM TAPE=80KG-,CanvasGT,25.00,1,NO,https://www.amazon.ae/dp/B08B4T7CXB
15-Jun-2026,09:16:27,B08B4T7CXB,PATTEX DOUBLE SIDE FOAM TAPE=80KG-,ABBASALIHARDWARE,25.00,1,NO,https://www.amazon.ae/dp/B08B4T7CXB
15-Jun-2026,09:16:27,B08B4T7CXB,PATTEX DOUBLE SIDE FOAM TAPE=80KG-,SMART-FZC,44.00,1,NO,https://www.amazon.ae/dp/B08B4T7CXB
15-Jun-2026,09:16:27,B0DDH8RK64,"Pattex No More Nails Mounting Tape | All Purpose Double-Sided Foam Tape | Compatible with Mirror, Metal, Wood, Bricks, Stone, Tiles & More | Capacity: Upto 80kg/ Roll | 19mm x 1.5m Roll (Pack of 3)",Amazon.ae,33.47,1,YES,https://www.amazon.ae/dp/B0DDH8RK64
15-Jun-2026,09:16:27,B0DDH8RK64,"Pattex No More Nails Mounting Tape | All Purpose Double-Sided Foam Tape | Compatible with Mirror, Metal, Wood, Bricks, Stone, Tiles & More | Capacity: Upto 80kg/ Roll | 19mm x 1.5m Roll (Pack of 3)",COCTRENDZ CO,33.47,1,NO,https://www.amazon.ae/dp/B0DDH8RK64
15-Jun-2026,09:16:27,B0DDH8RK64,"Pattex No More Nails Mounting Tape | All Purpose Double-Sided Foam Tape | Compatible with Mirror, Metal, Wood, Bricks, Stone, Tiles & More | Capacity: Upto 80kg/ Roll | 19mm x 1.5m Roll (Pack of 3)",MySyara Shop,41.90,1,NO,https://www.amazon.ae/dp/B0DDH8RK64
15-Jun-2026,09:16:27,B0DDH8RK64,"Pattex No More Nails Mounting Tape | All Purpose Double-Sided Foam Tape | Compatible with Mirror, Metal, Wood, Bricks, Stone, Tiles & More | Capacity: Upto 80kg/ Roll | 19mm x 1.5m Roll (Pack of 3)",ADD 2 CART_UAE,49.33,1,NO,https://www.amazon.ae/dp/B0DDH8RK64
15-Jun-2026,09:16:27,B09M1MKKJG,"Pattex No More Nails Mounting Tape | All Purpose Double-Sided Foam Tape | Compatible with Mirror, Metal, Wood, Bricks, Stone, Tiles & More | Capacity: Upto 120kg/ Roll | 19mm x 1.5m Roll (Pack of 1)",COCTRENDZ CO,13.75,1,YES,https://www.amazon.ae/dp/B09M1MKKJG
15-Jun-2026,09:16:27,B09M1MKKJG,"Pattex No More Nails Mounting Tape | All Purpose Double-Sided Foam Tape | Compatible with Mirror, Metal, Wood, Bricks, Stone, Tiles & More | Capacity: Upto 120kg/ Roll | 19mm x 1.5m Roll (Pack of 1)",ADD 2 CART_UAE,11.81,1,NO,https://www.amazon.ae/dp/B09M1MKKJG
15-Jun-2026,09:16:27,B09M1MKKJG,"Pattex No More Nails Mounting Tape | All Purpose Double-Sided Foam Tape | Compatible with Mirror, Metal, Wood, Bricks, Stone, Tiles & More | Capacity: Upto 120kg/ Roll | 19mm x 1.5m Roll (Pack of 1)",Amazon.ae,14.57,1,NO,https://www.amazon.ae/dp/B09M1MKKJG
15-Jun-2026,09:16:27,B09M1MKKJG,"Pattex No More Nails Mounting Tape | All Purpose Double-Sided Foam Tape | Compatible with Mirror, Metal, Wood, Bricks, Stone, Tiles & More | Capacity: Upto 120kg/ Roll | 19mm x 1.5m Roll (Pack of 1)",MySyara Shop,16.72,1,NO,https://www.amazon.ae/dp/B09M1MKKJG
15-Jun-2026,09:16:27,B09M1MKKJG,"Pattex No More Nails Mounting Tape | All Purpose Double-Sided Foam Tape | Compatible with Mirror, Metal, Wood, Bricks, Stone, Tiles & More | Capacity: Upto 120kg/ Roll | 19mm x 1.5m Roll (Pack of 1)",Reliable Electrical & Sanitary Materials,38.00,1,NO,https://www.amazon.ae/dp/B09M1MKKJG
15-Jun-2026,09:16:27,B09M1MKKJG,"Pattex No More Nails Mounting Tape | All Purpose Double-Sided Foam Tape | Compatible with Mirror, Metal, Wood, Bricks, Stone, Tiles & More | Capacity: Upto 120kg/ Roll | 19mm x 1.5m Roll (Pack of 1)",SMART-FZC,44.00,1,NO,https://www.amazon.ae/dp/B09M1MKKJG
15-Jun-2026,09:16:27,B0DDH22GD2,"Pattex No More Nails Mounting Tape | All Purpose Double-Sided Foam Tape | Compatible with Mirror, Metal, Wood, Bricks, Stone, Tiles & More | Capacity: Upto 120kg/ Roll | 19mm x 1.5m Roll (Pack of 3)",Amazon.ae,52.59,1,YES,https://www.amazon.ae/dp/B0DDH22GD2
15-Jun-2026,09:16:27,B0DDH22GD2,"Pattex No More Nails Mounting Tape | All Purpose Double-Sided Foam Tape | Compatible with Mirror, Metal, Wood, Bricks, Stone, Tiles & More | Capacity: Upto 120kg/ Roll | 19mm x 1.5m Roll (Pack of 3)",ADD 2 CART_UAE,49.79,1,NO,https://www.amazon.ae/dp/B0DDH22GD2
15-Jun-2026,09:16:27,B0DDH22GD2,"Pattex No More Nails Mounting Tape | All Purpose Double-Sided Foam Tape | Compatible with Mirror, Metal, Wood, Bricks, Stone, Tiles & More | Capacity: Upto 120kg/ Roll | 19mm x 1.5m Roll (Pack of 3)",MySyara Shop,50.00,1,NO,https://www.amazon.ae/dp/B0DDH22GD2
15-Jun-2026,09:16:27,B0DDH22GD2,"Pattex No More Nails Mounting Tape | All Purpose Double-Sided Foam Tape | Compatible with Mirror, Metal, Wood, Bricks, Stone, Tiles & More | Capacity: Upto 120kg/ Roll | 19mm x 1.5m Roll (Pack of 3)",SMART-FZC,94.00,1,NO,https://www.amazon.ae/dp/B0DDH22GD2
15-Jun-2026,09:16:27,B08MXD1DCV,Henkel Pattex Tube Classic 50g,ADD 2 CART_UAE,17.99,1,YES,https://www.amazon.ae/dp/B08MXD1DCV
15-Jun-2026,09:16:27,B08MXD1DCV,Henkel Pattex Tube Classic 50g,Layra Trading,18.50,1,NO,https://www.amazon.ae/dp/B08MXD1DCV
15-Jun-2026,09:16:27,B08MXD1DCV,Henkel Pattex Tube Classic 50g,Reliable Electrical & Sanitary Materials,18.00,1,NO,https://www.amazon.ae/dp/B08MXD1DCV
15-Jun-2026,09:16:27,B08MXD1DCV,Henkel Pattex Tube Classic 50g,SMART-FZC,44.00,1,NO,https://www.amazon.ae/dp/B08MXD1DCV
15-Jun-2026,09:16:27,B0DDGXTBT6,"Pattex Contact Adhesive - 50g | Strong All-Purpose Glue for Wood, Metal, Rubber, Leather & Porcelain | Instant Grip Formula with Anti-Clog Cap | Flexible & Durable Bond (Pack of 3)",Amazon.ae,33.47,1,YES,https://www.amazon.ae/dp/B0DDGXTBT6
15-Jun-2026,09:16:27,B0DDGXTBT6,"Pattex Contact Adhesive - 50g | Strong All-Purpose Glue for Wood, Metal, Rubber, Leather & Porcelain | Instant Grip Formula with Anti-Clog Cap | Flexible & Durable Bond (Pack of 3)",ADD 2 CART_UAE,49.49,1,NO,https://www.amazon.ae/dp/B0DDGXTBT6
15-Jun-2026,09:16:27,B0DDGXTBT6,"Pattex Contact Adhesive - 50g | Strong All-Purpose Glue for Wood, Metal, Rubber, Leather & Porcelain | Instant Grip Formula with Anti-Clog Cap | Flexible & Durable Bond (Pack of 3)",SMART-FZC,74.00,1,NO,https://www.amazon.ae/dp/B0DDGXTBT6
15-Jun-2026,09:16:27,B09WD3WPF1,"Pattex Contact Glue Premium - 650ml | Strong Bond Adhesive | All-Purpose Glue for Wood, Metal, Rubber, Leather & Porcelain | Instant Grip with Anti-Clog Cap | Durable Bond (Pack of 1)",Amazon.ae,40.00,1,YES,https://www.amazon.ae/dp/B09WD3WPF1
15-Jun-2026,09:16:27,B09WD3WPF1,"Pattex Contact Glue Premium - 650ml | Strong Bond Adhesive | All-Purpose Glue for Wood, Metal, Rubber, Leather & Porcelain | Instant Grip with Anti-Clog Cap | Durable Bond (Pack of 1)",ADD 2 CART_UAE,40.99,1,NO,https://www.amazon.ae/dp/B09WD3WPF1
15-Jun-2026,09:16:27,B09WD3WPF1,"Pattex Contact Glue Premium - 650ml | Strong Bond Adhesive | All-Purpose Glue for Wood, Metal, Rubber, Leather & Porcelain | Instant Grip with Anti-Clog Cap | Durable Bond (Pack of 1)",MySyara Shop,50.99,1,NO,https://www.amazon.ae/dp/B09WD3WPF1
15-Jun-2026,09:16:27,B09WD3WPF1,"Pattex Contact Glue Premium - 650ml | Strong Bond Adhesive | All-Purpose Glue for Wood, Metal, Rubber, Leather & Porcelain | Instant Grip with Anti-Clog Cap | Durable Bond (Pack of 1)",NOOR AL MISHQAT SHIP SPARE PART TRADING LLC,40.99,1,NO,https://www.amazon.ae/dp/B09WD3WPF1
15-Jun-2026,09:16:27,B08MXC997P,Henkel Pattex Tube Transparent 50g,ADD 2 CART_UAE,11.99,1,YES,https://www.amazon.ae/dp/B08MXC997P
15-Jun-2026,09:16:27,B08MXC997P,Henkel Pattex Tube Transparent 50g,MySyara Shop,13.79,1,NO,https://www.amazon.ae/dp/B08MXC997P
15-Jun-2026,09:16:27,B08MXC997P,Henkel Pattex Tube Transparent 50g,Reliable Electrical & Sanitary Materials,17.70,1,NO,https://www.amazon.ae/dp/B08MXC997P
15-Jun-2026,09:16:27,B08MXC997P,Henkel Pattex Tube Transparent 50g,ABBASALIHARDWAREBR3,30.00,1,NO,https://www.amazon.ae/dp/B08MXC997P
15-Jun-2026,09:16:27,B08MXC997P,Henkel Pattex Tube Transparent 50g,ABBASALIHARDWARE,25.00,1,NO,https://www.amazon.ae/dp/B08MXC997P
15-Jun-2026,09:16:27,B08MXC997P,Henkel Pattex Tube Transparent 50g,SMART-FZC,44.00,1,NO,https://www.amazon.ae/dp/B08MXC997P
15-Jun-2026,09:16:27,B08MXBVG7Z,Henkel Pattex PL 100 Silicone (White),Amazon.ae,39.00,1,YES,https://www.amazon.ae/dp/B08MXBVG7Z
15-Jun-2026,09:16:27,B08MXBVG7Z,Henkel Pattex PL 100 Silicone (White),ADD 2 CART_UAE,37.79,1,NO,https://www.amazon.ae/dp/B08MXBVG7Z
15-Jun-2026,09:16:27,B08MXBVG7Z,Henkel Pattex PL 100 Silicone (White),AMAFHA GENERAL TRADING LLC,39.95,1,NO,https://www.amazon.ae/dp/B08MXBVG7Z
15-Jun-2026,09:16:27,B08MXBVG7Z,Henkel Pattex PL 100 Silicone (White),Westline Store,92.20,1,NO,https://www.amazon.ae/dp/B08MXBVG7Z
15-Jun-2026,09:16:27,B0DDGVFM3L,Pattex PL100 Construction Adhesive (White) | Water-Based Silicone Adhesive with High Initial Tack | Solvent-Free & Paint-Compatible | Ideal for Indoor Use on Porous Materials | 380g (Pack of 2),Amazon.ae,63.75,1,YES,https://www.amazon.ae/dp/B0DDGVFM3L
15-Jun-2026,09:16:27,B0DDGVFM3L,Pattex PL100 Construction Adhesive (White) | Water-Based Silicone Adhesive with High Initial Tack | Solvent-Free & Paint-Compatible | Ideal for Indoor Use on Porous Materials | 380g (Pack of 2),ADD 2 CART_UAE,80.74,1,NO,https://www.amazon.ae/dp/B0DDGVFM3L
15-Jun-2026,09:16:27,B08XRYVJ25,SILICONE ADHESIVE PL150 (YELLOW) 380ML PATTEX GERMANY,Amazon.ae,23.89,1,YES,https://www.amazon.ae/dp/B08XRYVJ25
15-Jun-2026,09:16:27,B08XRYVJ25,SILICONE ADHESIVE PL150 (YELLOW) 380ML PATTEX GERMANY,ADD 2 CART_UAE,22.49,1,NO,https://www.amazon.ae/dp/B08XRYVJ25
15-Jun-2026,09:16:27,B08XRYVJ25,SILICONE ADHESIVE PL150 (YELLOW) 380ML PATTEX GERMANY,UNIVERSAL PRODUCTS STORES,25.00,1,NO,https://www.amazon.ae/dp/B08XRYVJ25
15-Jun-2026,09:16:27,B08XRYVJ25,SILICONE ADHESIVE PL150 (YELLOW) 380ML PATTEX GERMANY,Tuffco FZE,30.00,1,NO,https://www.amazon.ae/dp/B08XRYVJ25
15-Jun-2026,09:16:27,B08XRYVJ25,SILICONE ADHESIVE PL150 (YELLOW) 380ML PATTEX GERMANY,AQP Trading,32.00,1,NO,https://www.amazon.ae/dp/B08XRYVJ25
15-Jun-2026,09:16:27,B08XRYVJ25,SILICONE ADHESIVE PL150 (YELLOW) 380ML PATTEX GERMANY,Manam’s Store,34.56,1,NO,https://www.amazon.ae/dp/B08XRYVJ25
15-Jun-2026,09:16:27,B08XRYVJ25,SILICONE ADHESIVE PL150 (YELLOW) 380ML PATTEX GERMANY,ADES TRADING,39.00,1,NO,https://www.amazon.ae/dp/B08XRYVJ25
15-Jun-2026,09:16:27,B08XRYVJ25,SILICONE ADHESIVE PL150 (YELLOW) 380ML PATTEX GERMANY,JRS BUILDING &CONSTRUCTION MATERIALS TRADING LLC,42.68,1,NO,https://www.amazon.ae/dp/B08XRYVJ25
15-Jun-2026,09:16:27,B0DDGT2V9J,Pattex PL150 Structural Adhesive (White) | High Initial Tack | Water & Temprature Resistant | Solvent Based & Paint-Compatible | For Indoor & Outdoor Use on Non Absorbent Materials | 380g (Pack of 2),Amazon.ae,67.59,1,YES,https://www.amazon.ae/dp/B0DDGT2V9J
15-Jun-2026,09:16:27,B0DDGT2V9J,Pattex PL150 Structural Adhesive (White) | High Initial Tack | Water & Temprature Resistant | Solvent Based & Paint-Compatible | For Indoor & Outdoor Use on Non Absorbent Materials | 380g (Pack of 2),MySyara Shop,67.59,1,NO,https://www.amazon.ae/dp/B0DDGT2V9J
15-Jun-2026,09:16:27,B0DDGT2V9J,Pattex PL150 Structural Adhesive (White) | High Initial Tack | Water & Temprature Resistant | Solvent Based & Paint-Compatible | For Indoor & Outdoor Use on Non Absorbent Materials | 380g (Pack of 2),NEW QAMAR JASI,79.00,1,NO,https://www.amazon.ae/dp/B0DDGT2V9J
15-Jun-2026,09:16:27,B0DDGT2V9J,Pattex PL150 Structural Adhesive (White) | High Initial Tack | Water & Temprature Resistant | Solvent Based & Paint-Compatible | For Indoor & Outdoor Use on Non Absorbent Materials | 380g (Pack of 2),ADD 2 CART_UAE,88.99,1,NO,https://www.amazon.ae/dp/B0DDGT2V9J
15-Jun-2026,09:16:27,B08W1WTZGB,Pattex PL 250 (Construction Adhesive) Is a professional polymer Based construction Adhesive & General Purpose Silicone,ADD 2 CART_UAE,29.49,1,YES,https://www.amazon.ae/dp/B08W1WTZGB
15-Jun-2026,09:16:27,B08W1WTZGB,Pattex PL 250 (Construction Adhesive) Is a professional polymer Based construction Adhesive & General Purpose Silicone,UNIVERSAL PRODUCTS STORES,29.99,1,NO,https://www.amazon.ae/dp/B08W1WTZGB
15-Jun-2026,09:16:27,B08W1WTZGB,Pattex PL 250 (Construction Adhesive) Is a professional polymer Based construction Adhesive & General Purpose Silicone,MySyara Shop,35.00,1,NO,https://www.amazon.ae/dp/B08W1WTZGB
15-Jun-2026,09:16:27,B08W1WTZGB,Pattex PL 250 (Construction Adhesive) Is a professional polymer Based construction Adhesive & General Purpose Silicone,Amazon.ae,47.00,1,NO,https://www.amazon.ae/dp/B08W1WTZGB
15-Jun-2026,09:16:27,B08W1WTZGB,Pattex PL 250 (Construction Adhesive) Is a professional polymer Based construction Adhesive & General Purpose Silicone,NEW QAMAR JASI,59.00,1,NO,https://www.amazon.ae/dp/B08W1WTZGB
15-Jun-2026,09:16:27,B08W1WTZGB,Pattex PL 250 (Construction Adhesive) Is a professional polymer Based construction Adhesive & General Purpose Silicone,JRS BUILDING &CONSTRUCTION MATERIALS TRADING LLC,49.99,1,NO,https://www.amazon.ae/dp/B08W1WTZGB
15-Jun-2026,09:16:27,B0969FQMXL,Pattex PL200 Construction Adhesive | Water-Based Silicone Adhesive with High Initial Tack | Solvent-Free & Paint-Compatible | Ideal for Indoor Use on Porous Materials | 290g (Pack of 1),ADD 2 CART_UAE,40.49,1,YES,https://www.amazon.ae/dp/B0969FQMXL
15-Jun-2026,09:16:27,B0969FQMXL,Pattex PL200 Construction Adhesive | Water-Based Silicone Adhesive with High Initial Tack | Solvent-Free & Paint-Compatible | Ideal for Indoor Use on Porous Materials | 290g (Pack of 1),MySyara Shop,52.50,1,NO,https://www.amazon.ae/dp/B0969FQMXL
15-Jun-2026,09:16:27,B0969FQMXL,Pattex PL200 Construction Adhesive | Water-Based Silicone Adhesive with High Initial Tack | Solvent-Free & Paint-Compatible | Ideal for Indoor Use on Porous Materials | 290g (Pack of 1),Amazon.ae,53.50,1,NO,https://www.amazon.ae/dp/B0969FQMXL
15-Jun-2026,09:16:27,B0969FQMXL,Pattex PL200 Construction Adhesive | Water-Based Silicone Adhesive with High Initial Tack | Solvent-Free & Paint-Compatible | Ideal for Indoor Use on Porous Materials | 290g (Pack of 1),CanvasGT,43.99,1,NO,https://www.amazon.ae/dp/B0969FQMXL
15-Jun-2026,09:16:27,B0969FQMXL,Pattex PL200 Construction Adhesive | Water-Based Silicone Adhesive with High Initial Tack | Solvent-Free & Paint-Compatible | Ideal for Indoor Use on Porous Materials | 290g (Pack of 1),RACOsolution,54.00,1,NO,https://www.amazon.ae/dp/B0969FQMXL
15-Jun-2026,09:16:27,B0969FQMXL,Pattex PL200 Construction Adhesive | Water-Based Silicone Adhesive with High Initial Tack | Solvent-Free & Paint-Compatible | Ideal for Indoor Use on Porous Materials | 290g (Pack of 1),NEW QAMAR JASI,69.00,1,NO,https://www.amazon.ae/dp/B0969FQMXL
15-Jun-2026,09:16:27,B09KCG5JZS,"Pattex Sanitary Antimould White Pressure Pack, For Indoor Sealing, Ideal For Bathroom & Kitchen, Waterproof And Mould Resistant. Easy To Use Sealant,White, 1X200ml Pressure Pack,2751638",ADD 2 CART_UAE,32.49,1,YES,https://www.amazon.ae/dp/B09KCG5JZS
15-Jun-2026,09:16:27,B09KCG5JZS,"Pattex Sanitary Antimould White Pressure Pack, For Indoor Sealing, Ideal For Bathroom & Kitchen, Waterproof And Mould Resistant. Easy To Use Sealant,White, 1X200ml Pressure Pack,2751638",Westline Store,91.20,1,NO,https://www.amazon.ae/dp/B09KCG5JZS
15-Jun-2026,09:16:27,B09KCHLFH4,"Pattex Sanitary Antimould Transparent Pressure Pack, for indoor sealing, ideal for bathroom & kitchen, waterproof and mould resistant. Easy to Use Sealant, 1x200ml pressure pack, One size",Amazon.ae,34.00,1,YES,https://www.amazon.ae/dp/B09KCHLFH4
15-Jun-2026,09:16:27,B09KCHLFH4,"Pattex Sanitary Antimould Transparent Pressure Pack, for indoor sealing, ideal for bathroom & kitchen, waterproof and mould resistant. Easy to Use Sealant, 1x200ml pressure pack, One size",ADD 2 CART_UAE,54.99,1,NO,https://www.amazon.ae/dp/B09KCHLFH4
15-Jun-2026,09:16:27,B0937WZHZV,"Pattex SL212 Transparent Silicone, 280 ml",ADD 2 CART_UAE,18.19,1,YES,https://www.amazon.ae/dp/B0937WZHZV
15-Jun-2026,09:16:27,B0937WZHZV,"Pattex SL212 Transparent Silicone, 280 ml",ABBASALIHARDWAREBR3,24.00,1,NO,https://www.amazon.ae/dp/B0937WZHZV
15-Jun-2026,09:16:27,B0937WZHZV,"Pattex SL212 Transparent Silicone, 280 ml",Amazon.ae,24.00,1,NO,https://www.amazon.ae/dp/B0937WZHZV
15-Jun-2026,09:16:27,B0937WZHZV,"Pattex SL212 Transparent Silicone, 280 ml",Plant Place.,18.99,1,NO,https://www.amazon.ae/dp/B0937WZHZV
15-Jun-2026,09:16:27,B0937WZHZV,"Pattex SL212 Transparent Silicone, 280 ml",Agro Centre.,38.00,1,NO,https://www.amazon.ae/dp/B0937WZHZV
15-Jun-2026,09:16:27,B0937WZHZV,"Pattex SL212 Transparent Silicone, 280 ml",Westline Store,84.20,1,NO,https://www.amazon.ae/dp/B0937WZHZV
15-Jun-2026,09:16:27,B0937WZHZV,"Pattex SL212 Transparent Silicone, 280 ml",JRS BUILDING &CONSTRUCTION MATERIALS TRADING LLC,90.00,1,NO,https://www.amazon.ae/dp/B0937WZHZV
15-Jun-2026,09:16:27,B0DDH9KH86,Pattex SL212 Acetoxy Silicone Sealant (Transparent) UV | Water & Weather Resistant | High Temperature Resistance | Ideal for Sealing | Insulation & Adherence | For Indoor & Outdoor | 280ml (Pack of 2),ADD 2 CART_UAE,40.19,1,YES,https://www.amazon.ae/dp/B0DDH9KH86
15-Jun-2026,09:16:27,B0DDH9KH86,Pattex SL212 Acetoxy Silicone Sealant (Transparent) UV | Water & Weather Resistant | High Temperature Resistance | Ideal for Sealing | Insulation & Adherence | For Indoor & Outdoor | 280ml (Pack of 2),HASANAT WEBSTORE,45.00,1,NO,https://www.amazon.ae/dp/B0DDH9KH86
15-Jun-2026,09:16:27,B0DDH9KH86,Pattex SL212 Acetoxy Silicone Sealant (Transparent) UV | Water & Weather Resistant | High Temperature Resistance | Ideal for Sealing | Insulation & Adherence | For Indoor & Outdoor | 280ml (Pack of 2),MySyara Shop,46.30,1,NO,https://www.amazon.ae/dp/B0DDH9KH86
15-Jun-2026,09:16:27,B0DDH9KH86,Pattex SL212 Acetoxy Silicone Sealant (Transparent) UV | Water & Weather Resistant | High Temperature Resistance | Ideal for Sealing | Insulation & Adherence | For Indoor & Outdoor | 280ml (Pack of 2),Matrivadar Store,41.65,1,NO,https://www.amazon.ae/dp/B0DDH9KH86
15-Jun-2026,09:16:27,B0DDH9KH86,Pattex SL212 Acetoxy Silicone Sealant (Transparent) UV | Water & Weather Resistant | High Temperature Resistance | Ideal for Sealing | Insulation & Adherence | For Indoor & Outdoor | 280ml (Pack of 2),Amazon.ae,54.19,1,NO,https://www.amazon.ae/dp/B0DDH9KH86
15-Jun-2026,09:16:27,B08YY29KDM,"Pattex SL212 Silicone, 280 ml, White",ADD 2 CART_UAE,20.59,1,YES,https://www.amazon.ae/dp/B08YY29KDM
15-Jun-2026,09:16:27,B08YY29KDM,"Pattex SL212 Silicone, 280 ml, White",HASANAT WEBSTORE,24.99,1,NO,https://www.amazon.ae/dp/B08YY29KDM
15-Jun-2026,09:16:27,B08YY29KDM,"Pattex SL212 Silicone, 280 ml, White",MySyara Shop,25.24,1,NO,https://www.amazon.ae/dp/B08YY29KDM
15-Jun-2026,09:16:27,B08YY29KDM,"Pattex SL212 Silicone, 280 ml, White",Amazon.ae,29.99,1,NO,https://www.amazon.ae/dp/B08YY29KDM
15-Jun-2026,09:16:27,B08YY29KDM,"Pattex SL212 Silicone, 280 ml, White",One pro,21.00,1,NO,https://www.amazon.ae/dp/B08YY29KDM
15-Jun-2026,09:16:27,B08YY29KDM,"Pattex SL212 Silicone, 280 ml, White",SD shopping,25.00,1,NO,https://www.amazon.ae/dp/B08YY29KDM
15-Jun-2026,09:16:27,B08YY29KDM,"Pattex SL212 Silicone, 280 ml, White",FINETOOLS TRADING LLC,53.00,1,NO,https://www.amazon.ae/dp/B08YY29KDM
15-Jun-2026,09:16:27,B0DDGZBDG8,"Pattex SL212 Acetoxy Sealant (White) | UV, Water & Weather Resistant | High Temperature Resistance | Ideal for Sealing, Insulation & Adherence | Indoor & Outdoor Application | 280ml (Pack of 2)",ADD 2 CART_UAE,37.39,1,YES,https://www.amazon.ae/dp/B0DDGZBDG8
15-Jun-2026,09:16:27,B0DDGZBDG8,"Pattex SL212 Acetoxy Sealant (White) | UV, Water & Weather Resistant | High Temperature Resistance | Ideal for Sealing, Insulation & Adherence | Indoor & Outdoor Application | 280ml (Pack of 2)",MySyara Shop,38.00,1,NO,https://www.amazon.ae/dp/B0DDGZBDG8
15-Jun-2026,09:16:27,B0DDGZBDG8,"Pattex SL212 Acetoxy Sealant (White) | UV, Water & Weather Resistant | High Temperature Resistance | Ideal for Sealing, Insulation & Adherence | Indoor & Outdoor Application | 280ml (Pack of 2)",HASANAT WEBSTORE,39.00,1,NO,https://www.amazon.ae/dp/B0DDGZBDG8
15-Jun-2026,09:16:27,B0DDGZBDG8,"Pattex SL212 Acetoxy Sealant (White) | UV, Water & Weather Resistant | High Temperature Resistance | Ideal for Sealing, Insulation & Adherence | Indoor & Outdoor Application | 280ml (Pack of 2)",Amazon.ae,53.10,1,NO,https://www.amazon.ae/dp/B0DDGZBDG8
15-Jun-2026,09:16:27,B08XRX3PJX,"Pattex Sl100 Acrylic Sealant in White - Joint Filler for Interior Use, Ideal for Cracks, Door & Window Frame, Easy to Use, 1x280ml Cartridge",Amazon.ae,14.30,1,YES,https://www.amazon.ae/dp/B08XRX3PJX
15-Jun-2026,09:16:27,B08XRX3PJX,"Pattex Sl100 Acrylic Sealant in White - Joint Filler for Interior Use, Ideal for Cracks, Door & Window Frame, Easy to Use, 1x280ml Cartridge",MySyara Shop,14.00,1,NO,https://www.amazon.ae/dp/B08XRX3PJX
15-Jun-2026,09:16:27,B08XRX3PJX,"Pattex Sl100 Acrylic Sealant in White - Joint Filler for Interior Use, Ideal for Cracks, Door & Window Frame, Easy to Use, 1x280ml Cartridge",CanvasGT,18.00,1,NO,https://www.amazon.ae/dp/B08XRX3PJX
15-Jun-2026,09:16:27,B08XRX3PJX,"Pattex Sl100 Acrylic Sealant in White - Joint Filler for Interior Use, Ideal for Cracks, Door & Window Frame, Easy to Use, 1x280ml Cartridge",ADD 2 CART_UAE,33.49,1,NO,https://www.amazon.ae/dp/B08XRX3PJX
15-Jun-2026,09:16:27,B08XRX3PJX,"Pattex Sl100 Acrylic Sealant in White - Joint Filler for Interior Use, Ideal for Cracks, Door & Window Frame, Easy to Use, 1x280ml Cartridge",Westline Store,69.00,1,NO,https://www.amazon.ae/dp/B08XRX3PJX
15-Jun-2026,09:16:27,B0DDGX2SFH,Pattex SL100 Acrylic Sealant (White) | Water Based & Over Paintable | Non Toxic & Orderless | Ideal for All Porous Surfaces | Indoor Crack Filling Application | Easy to Use & Clean | 280ml (Pack of 2),Amazon.ae,39.00,1,YES,https://www.amazon.ae/dp/B0DDGX2SFH
15-Jun-2026,09:16:27,B0DDGX2SFH,Pattex SL100 Acrylic Sealant (White) | Water Based & Over Paintable | Non Toxic & Orderless | Ideal for All Porous Surfaces | Indoor Crack Filling Application | Easy to Use & Clean | 280ml (Pack of 2),MySyara Shop,38.75,1,NO,https://www.amazon.ae/dp/B0DDGX2SFH
15-Jun-2026,09:16:27,B0DDGX2SFH,Pattex SL100 Acrylic Sealant (White) | Water Based & Over Paintable | Non Toxic & Orderless | Ideal for All Porous Surfaces | Indoor Crack Filling Application | Easy to Use & Clean | 280ml (Pack of 2),ADD 2 CART_UAE,50.99,1,NO,https://www.amazon.ae/dp/B0DDGX2SFH
15-Jun-2026,09:16:27,B08Y917ZRH,"Pattex Seal-Bond-Fill Silicone Sealant Construction Adhesive 280 ml, Transparent",ADD 2 CART_UAE,61.99,1,YES,https://www.amazon.ae/dp/B08Y917ZRH
15-Jun-2026,09:16:27,B08Y917ZRH,"Pattex Seal-Bond-Fill Silicone Sealant Construction Adhesive 280 ml, Transparent",Westline Store,136.20,1,NO,https://www.amazon.ae/dp/B08Y917ZRH
15-Jun-2026,09:16:27,B09NKB9BJF,"Pattex Sf525 Kitchen And Bath Premium Silicone Sealant, Mould Resistant, Ideal For Showers, Toilets Tiles, Easy Bathroom Sealant 1X280ML Cartridge",Amazon.ae,25.00,1,YES,https://www.amazon.ae/dp/B09NKB9BJF
15-Jun-2026,09:16:27,B09NKB9BJF,"Pattex Sf525 Kitchen And Bath Premium Silicone Sealant, Mould Resistant, Ideal For Showers, Toilets Tiles, Easy Bathroom Sealant 1X280ML Cartridge",HASANAT WEBSTORE,25.00,1,NO,https://www.amazon.ae/dp/B09NKB9BJF
15-Jun-2026,09:16:27,B09NKB9BJF,"Pattex Sf525 Kitchen And Bath Premium Silicone Sealant, Mould Resistant, Ideal For Showers, Toilets Tiles, Easy Bathroom Sealant 1X280ML Cartridge",ADES TRADING,23.99,1,NO,https://www.amazon.ae/dp/B09NKB9BJF
15-Jun-2026,09:16:27,B09NKB9BJF,"Pattex Sf525 Kitchen And Bath Premium Silicone Sealant, Mould Resistant, Ideal For Showers, Toilets Tiles, Easy Bathroom Sealant 1X280ML Cartridge",CanvasGT,26.00,1,NO,https://www.amazon.ae/dp/B09NKB9BJF
15-Jun-2026,09:16:27,B09NKB9BJF,"Pattex Sf525 Kitchen And Bath Premium Silicone Sealant, Mould Resistant, Ideal For Showers, Toilets Tiles, Easy Bathroom Sealant 1X280ML Cartridge",ADD 2 CART_UAE,44.99,1,NO,https://www.amazon.ae/dp/B09NKB9BJF
15-Jun-2026,09:16:27,B09NKB9BJF,"Pattex Sf525 Kitchen And Bath Premium Silicone Sealant, Mould Resistant, Ideal For Showers, Toilets Tiles, Easy Bathroom Sealant 1X280ML Cartridge",Westline Store,89.00,1,NO,https://www.amazon.ae/dp/B09NKB9BJF
15-Jun-2026,09:16:27,B09T3MS698,"Pattex Wood Glue Express Bottle - 75g | Waterproof D2 Grade Adhesive | Strong Bond for Wood, Composites & Laminates | Quick Dry Formula for Indoor Use (Pack of 1)",Amazon.ae,9.90,1,YES,https://www.amazon.ae/dp/B09T3MS698
15-Jun-2026,09:16:27,B09T3LRLBJ,"Pattex Wood Express, Quick-Drying Wood Glue, White Glue, 1 X 250 G, 2755965",Amazon.ae,21.49,1,YES,https://www.amazon.ae/dp/B09T3LRLBJ
15-Jun-2026,09:16:27,B09T3LRLBJ,"Pattex Wood Express, Quick-Drying Wood Glue, White Glue, 1 X 250 G, 2755965",ADD 2 CART_UAE,44.99,1,NO,https://www.amazon.ae/dp/B09T3LRLBJ
15-Jun-2026,09:16:27,B09T3LRLBJ,"Pattex Wood Express, Quick-Drying Wood Glue, White Glue, 1 X 250 G, 2755965",Westline Store,69.00,1,NO,https://www.amazon.ae/dp/B09T3LRLBJ
15-Jun-2026,09:16:27,B0DVYZDCWZ,"Pritt Original Glue Stick - 11g | Strong-Hold, Solvent-Free & Non-Toxic Craft Adhesive | Safe for Kids 3+ | Smooth, Mess-Free Application for School, Home, Office & Arts and Crafts (Pack of 6)",ADD 2 CART_UAE,17.49,1,YES,https://www.amazon.ae/dp/B0DVYZDCWZ
15-Jun-2026,09:16:27,B0DVYZDCWZ,"Pritt Original Glue Stick - 11g | Strong-Hold, Solvent-Free & Non-Toxic Craft Adhesive | Safe for Kids 3+ | Smooth, Mess-Free Application for School, Home, Office & Arts and Crafts (Pack of 6)",Amazon.ae,18.50,1,NO,https://www.amazon.ae/dp/B0DVYZDCWZ
15-Jun-2026,09:16:27,B0DVZ67X85,Pritt Glue Stick Original SRP 6x22g,Amazon.ae,28.50,1,YES,https://www.amazon.ae/dp/B0DVZ67X85
15-Jun-2026,09:16:27,B0FKBLF14N,"Pritt Original Glue Stick - 11g | Strong-Hold, Solvent-Free & Non-Toxic Craft Adhesive | Safe for Kids 3+ | Smooth, Mess-Free Application for School, Home, Office & Arts and Crafts (Pack of 4)",Amazon.ae,12.50,1,YES,https://www.amazon.ae/dp/B0FKBLF14N
15-Jun-2026,09:16:27,B0FKBLF14N,"Pritt Original Glue Stick - 11g | Strong-Hold, Solvent-Free & Non-Toxic Craft Adhesive | Safe for Kids 3+ | Smooth, Mess-Free Application for School, Home, Office & Arts and Crafts (Pack of 4)",ADD 2 CART_UAE,18.99,1,NO,https://www.amazon.ae/dp/B0FKBLF14N
15-Jun-2026,09:16:27,B0FKBMWL53,"Pritt Glue Stick Original BUNDLE 4x22g Safe & Child-Friendly Craft Glue For Arts & Crafts Activities, Strong-Hold Adhesive",Amazon.ae,12..50,1,YES,https://www.amazon.ae/dp/B0FKBMWL53
15-Jun-2026,09:16:27,B08XRX1PNS,"Pattex PU Foam Pro Max Spray 750ml | High Yield Expandable Polyurethane | Fast Bonding, Gap & Crack Filling, Insulation | Water & Heat Resistant | Indoor/Outdoor Use | Cuttable & Paintable (Pack of 1)",ADD 2 CART_UAE,34.79,1,YES,https://www.amazon.ae/dp/B08XRX1PNS
15-Jun-2026,09:16:27,B08XRX1PNS,"Pattex PU Foam Pro Max Spray 750ml | High Yield Expandable Polyurethane | Fast Bonding, Gap & Crack Filling, Insulation | Water & Heat Resistant | Indoor/Outdoor Use | Cuttable & Paintable (Pack of 1)",Westline Store,138.20,1,NO,https://www.amazon.ae/dp/B08XRX1PNS
15-Jun-2026,09:16:27,B08MXBHMLB,Handle Pattex PU Foam Promax XL 500 ml,ADD 2 CART_UAE,29.39,1,YES,https://www.amazon.ae/dp/B08MXBHMLB
15-Jun-2026,09:16:27,B08MXBHMLB,Handle Pattex PU Foam Promax XL 500 ml,HASANAT WEBSTORE,31.00,1,NO,https://www.amazon.ae/dp/B08MXBHMLB
15-Jun-2026,09:16:27,B08MXBHMLB,Handle Pattex PU Foam Promax XL 500 ml,Reliable Electrical & Sanitary Materials,30.00,1,NO,https://www.amazon.ae/dp/B08MXBHMLB
15-Jun-2026,09:16:27,B08MXBHMLB,Handle Pattex PU Foam Promax XL 500 ml,CanvasGT,32.00,1,NO,https://www.amazon.ae/dp/B08MXBHMLB
15-Jun-2026,09:16:27,B08MXBHMLB,Handle Pattex PU Foam Promax XL 500 ml,TECHNOMEC,45.00,1,NO,https://www.amazon.ae/dp/B08MXBHMLB
15-Jun-2026,09:16:27,B09KCHP2CV,PATTEX SG LIQUID TUBE 1 x 3g,Amazon.ae,7.99,2 (Minimum order quantity),YES,https://www.amazon.ae/dp/B09KCHP2CV
15-Jun-2026,09:16:27,B09KCHP2CV,PATTEX SG LIQUID TUBE 1 x 3g,ADD 2 CART_UAE,30.99,1,NO,https://www.amazon.ae/dp/B09KCHP2CV
15-Jun-2026,09:16:27,B0GN246XDP,"Pritt Original Glue Stick - 43g | Strong-Hold, Solvent-Free & Non-Toxic Craft Adhesive | Safe for Kids 3+ | Smooth, Mess-Free Application for School, Home, Office & Arts and Crafts (Pack of 2)",ADD 2 CART_UAE,14.49,1,YES,https://www.amazon.ae/dp/B0GN246XDP
15-Jun-2026,09:16:27,B0GN246XDP,"Pritt Original Glue Stick - 43g | Strong-Hold, Solvent-Free & Non-Toxic Craft Adhesive | Safe for Kids 3+ | Smooth, Mess-Free Application for School, Home, Office & Arts and Crafts (Pack of 2)",Amazon.ae,15.00,1,NO,https://www.amazon.ae/dp/B0GN246XDP
15-Jun-2026,09:16:27,B0GN2C54ZK,"Pritt Original Glue Stick - 43g | Strong-Hold, Solvent-Free & Non-Toxic Craft Adhesive | Safe for Kids 3+ | Smooth, Mess-Free Application for School, Home, Office & Arts and Crafts (Pack of 4)",Amazon.ae,29.00,1,YES,https://www.amazon.ae/dp/B0GN2C54ZK
15-Jun-2026,09:16:27,B0GN2C54ZK,"Pritt Original Glue Stick - 43g | Strong-Hold, Solvent-Free & Non-Toxic Craft Adhesive | Safe for Kids 3+ | Smooth, Mess-Free Application for School, Home, Office & Arts and Crafts (Pack of 4)",ADD 2 CART_UAE,35.99,1,NO,https://www.amazon.ae/dp/B0GN2C54ZK
